,Country,League,Club,Player Names,Matches_Played,Substitution ,Mins,Goals,xG,xG Per Avg Match,Shots,OnTarget,Shots Per Avg Match,On Target Per Avg Match,Year
32,Italy,Serie A,(ROM),Edin Dzeko,33,4,3194,29,30.6,0.91,178,99,5.29,2.94,2016
56,Germany,Bundesliga,(UNB),Max Kruse,23,0,2121,15,8.48,0.38,41,28,1.84,1.25,2016
443,England,Premier League,(LEI),Jamie Vardy,34,1,3271,23,19.28,0.56,89,42,2.58,1.22,2019
603,England,Premier League,(CHE),Timo Werner,10,0,876,4,3.69,0.4,23,10,2.49,1.08,2020
370,Portugal ,Primeira Liga,(MAR),Rodrigo Pinho,18,9,1732,9,6.56,0.36,48,22,2.63,1.21,2019
5,Spain,La Liga,(JUV),Cristiano Ronaldo,29,0,2634,25,24.68,0.89,162,60,5.84,2.16,2016
42,Germany,Bundesliga,(BAY),Serge Gnabry,23,4,2028,11,5.76,0.27,62,33,2.9,1.55,2016
143,Germany,Bundesliga,(BOT),Salomon Kalou,27,4,2272,12,9.33,0.39,50,23,2.09,0.96,2017
565,Germany,Bundesliga,(KOL),Ellyes Skhiri,8,0,709,3,1.87,0.25,6,3,0.8,0.4,2020
362,Portugal ,Primeira Liga,(FER),Douglas Tanque,7,0,644,2,2.51,0.37,25,9,3.69,1.33,2019
366,Portugal ,Primeira Liga,(POR),Toni MartÃ­nez,27,5,2312,10,10.46,0.43,74,29,3.04,1.19,2019
328,Spain,La Liga,(ALA),Lucas Perez,29,5,2673,11,11.25,0.4,48,18,1.71,0.64,2019
265,England,Premier League,(WAT),Glenn Murray,30,8,2684,13,11.58,0.41,54,21,1.91,0.74,2018
614,England,Premier League,,Danny Ings ,7,0,662,5,2.58,0.37,15,9,2.15,1.29,2020
269,England,Premier League,(TOT),Son Heung-Min,23,8,2152,12,7.02,0.31,74,29,3.27,1.28,2018
480, Netherlands,Eredivisie,(AJA),Antony None,8,1,575,4,1.63,0.27,20,8,3.3,1.32,2019
435,France,France Ligue 18,(PSG),Ãngel Di Maria,23,3,2106,8,9.98,0.45,74,24,3.34,1.08,2019
511,USA,MLS,(MON),Romell Quioto,18,2,1676,9,5.82,0.33,54,23,3.06,1.3,2020
385,Italy,Serie A,(JUV),Cristiano Ronaldo,33,0,3127,31,27.32,0.83,208,79,6.32,2.4,2019
232,Germany,Bundesliga,(WOB),Wout Weghorst,33,1,3061,17,16.11,0.5,73,34,2.27,1.06,2018
414,Germany,Bundesliga,(SCF),Nils Petersen,24,10,2595,11,8.47,0.31,55,19,2.01,0.7,2019
312,USA,MLS,(TOR),Alejandro Pozuelo,32,2,3104,14,9.8,0.3,84,38,2.57,1.16,2019
292,Brazil,Campeonato Brasileiro SÃ©rie A,(FLA),Pedro ,19,0,1689,9,9.07,0.51,56,18,3.15,1.01,2018
492, Netherlands,Eredivisie,(VIT),Oussama Tannane,8,0,680,4,2.65,0.37,40,9,5.59,1.26,2019
656, Netherlands,Eredivisie,(AJA),Quincy Promes,18,2,1573,12,9.77,0.59,56,30,3.38,1.81,2020
592,France,France Ligue 14,(MAR),Florian Thauvin,10,0,835,4,2.99,0.34,21,8,2.39,0.91,2020
169,Brazil,Campeonato Brasileiro SÃ©rie A,(SCR),Thiago Neves,30,3,2383,9,10.54,0.42,102,51,4.07,2.03,2017
93,Brazil,Campeonato Brasileiro SÃ©rie A,(FLA),Giorgian de Arrascaeta,30,1,2423,9,7.65,0.3,75,24,2.94,0.94,2016
147,Germany,Bundesliga,(HOF),Andrej Kramaric,22,12,2353,13,9.66,0.39,83,35,3.35,1.41,2017
573,Germany,Bundesliga,(BMG),Lars Stindl,7,2,567,4,3.52,0.59,19,9,3.18,1.51,2020
531,Spain,La Liga,(VIL),Paco Alcacer,9,0,693,5,5.11,0.7,16,8,2.19,1.1,2020
36,Italy,Serie A,(VIL),Carlos Bacca,26,6,2228,13,14.07,0.6,56,39,2.39,1.66,2016
279,England,Premier League,(WOL),Raul Jimenez,36,2,3285,13,15.91,0.46,111,33,3.21,0.95,2018
197,Spain,La Liga,,Charles,17,17,1861,14,13.91,0.71,63,30,3.22,1.53,2018
89,Brazil,Campeonato Brasileiro SÃ©rie A,,Grafite ,29,2,2511,13,14.01,0.53,64,34,2.42,1.29,2016
163,Brazil,Campeonato Brasileiro SÃ©rie A,(SAP),Hernanes ,19,0,1222,9,5.27,0.41,52,23,4.04,1.79,2017
270,England,Premier League,(TOT),Harry Kane,27,1,2580,17,15.48,0.57,102,46,3.76,1.69,2018
343,Portugal ,Primeira Liga,(BRA),Paulinho ,27,2,2451,17,14.96,0.58,89,38,3.45,1.47,2019
274,England,Premier League,(EVE),Gylfi Sigurdsson,36,2,3302,13,11.12,0.32,86,33,2.47,0.95,2018
271,England,Premier League,(MNC),Sergio Aguero,31,2,2566,21,19.45,0.72,118,43,4.37,1.59,2018
150,Germany,Bundesliga,(CHE),Timo Werner,28,4,2596,13,13.39,0.49,95,40,3.48,1.46,2017
450,England,Premier League,(MNU),Marcus Rashford,31,0,2826,17,19.93,0.67,95,44,3.19,1.48,2019
77,England,Premier League,(CHE),Olivier Giroud,11,18,1311,12,6.9,0.5,39,20,2.83,1.45,2016
543,Italy,Serie A,(ATA),Alejandro Gomez,9,0,643,4,2.23,0.33,28,11,4.14,1.63,2020
176,Brazil,Campeonato Brasileiro SÃ©rie A,,Andre,35,0,2931,16,14.81,0.48,88,34,2.85,1.1,2017
190,Spain,La Liga,(SOC),Willian Jose,28,3,2471,12,11.7,0.45,55,26,2.11,1.0,2018
122,Italy,Serie A,(ATA),Duvan Zapata,24,7,2229,11,9.39,0.4,57,22,2.43,0.94,2017
559,Italy,Serie A,(NAP),Hirving Lozano,9,0,568,4,2.93,0.49,18,11,3.01,1.84,2020
448,England,Premier League,(MNC),Riyad Mahrez,21,12,2130,11,7.62,0.34,74,31,3.3,1.38,2019
451,England,Premier League,(LIV),Mohamed Salah,33,1,3045,19,20.51,0.64,132,59,4.12,1.84,2019
357,Portugal ,Primeira Liga,,Fabio Abreu,27,7,2570,13,11.09,0.41,53,23,1.96,0.85,2019
449,England,Premier League,(TOT),Son Heung-Min,28,2,2663,11,9.25,0.33,81,38,2.89,1.36,2019
210,Italy,Serie A,(PAR),Roberto Inglese,23,2,2075,9,7.86,0.36,47,21,2.15,0.96,2018
16,Spain,La Liga,(SOC),Willian Jose,27,1,2102,12,8.41,0.38,69,29,3.12,1.31,2016
63,England,Premier League,(LEI),Jamie Vardy,33,2,2938,13,9.28,0.3,54,26,1.75,0.84,2016
174,Brazil,Campeonato Brasileiro SÃ©rie A,(FLU),Lucca ,37,0,2933,13,11.11,0.36,96,40,3.11,1.3,2017
393,Italy,Serie A,(ATA),Duvan Zapata,25,3,2143,18,15.11,0.67,89,37,3.95,1.64,2019
338,Spain,La Liga,(GET),Jaime Mata,33,1,2923,11,12.0,0.39,58,23,1.89,0.75,2019
228,Germany,Bundesliga,(VIL),Paco Alcacer,11,15,1312,18,9.39,0.68,52,27,3.77,1.96,2018
582,France,France Ligue 9,(LYO),Karl Toko,9,1,822,5,5.88,0.68,27,12,3.12,1.39,2020
69,England,Premier League,(BAR),Philippe Coutinho,28,3,2327,13,9.31,0.38,107,36,4.37,1.47,2016
38,Italy,Serie A,(SAM),Keita Balde,21,10,2033,16,7.7,0.36,70,48,3.27,2.24,2016
145,Germany,Bundesliga,(NAN),Jean-Kevin Augustin,14,11,1330,9,6.16,0.44,37,18,2.64,1.29,2017
18,Spain,La Liga,(SOC),Cedric Bakambu,17,9,1633,10,8.08,0.47,50,26,2.91,1.51,2016
133,Italy,Serie A,(ROM),Edin Dzeko,33,3,3177,16,16.39,0.49,152,56,4.55,1.67,2017
245,France,France Ligue 15,(REN),M'Baye Niang,19,10,1911,11,7.44,0.37,64,25,3.18,1.24,2018
236,Germany,Bundesliga,(WHU),Sebastien Haller,23,6,2312,15,12.17,0.5,54,26,2.22,1.07,2018
113,Spain,La Liga,(SOC),Portu ,35,2,3081,11,10.7,0.33,49,25,1.51,0.77,2017
212,Italy,Serie A,(SAS),Francesco Caputo,38,0,3641,16,16.1,0.42,96,43,2.5,1.12,2018
355,Portugal ,Primeira Liga,(POR),Sergio Oliveira,7,1,642,4,2.09,0.31,17,8,2.52,1.18,2019
426,France,France Ligue 20,(STR),Adrien Thomasson,24,1,2168,7,5.25,0.23,50,18,2.19,0.79,2019
490, Netherlands,Eredivisie,(PSV),Noni Madueke,3,7,524,4,2.87,0.52,17,7,3.08,1.27,2019
3,Spain,La Liga,(CAR),Ruben Castro,32,3,2842,13,14.06,0.47,117,42,3.91,1.4,2016
584,France,France Ligue 3,(MPE),Andy Delort,11,0,902,6,4.18,0.44,31,14,3.26,1.47,2020
612,England,Premier League,(LEI),Jamie Vardy,8,1,780,8,8.7,1.06,21,15,2.56,1.83,2020
629,Brazil,Campeonato Brasileiro SÃ©rie A,(BOT),Matheus Babi,17,3,1709,6,5.94,0.33,32,14,1.78,0.78,2020
555,Italy,Serie A,(NAP),Dries Mertens,9,0,616,4,2.46,0.38,24,11,3.7,1.7,2020
25,Italy,Serie A,(ATA),Alejandro Gomez,37,0,3247,16,11.62,0.34,117,75,3.42,2.19,2016
47,Germany,Bundesliga,(RBL),Emil Forsberg,27,3,2420,8,5.86,0.23,49,32,1.92,1.26,2016
494, Netherlands,Eredivisie,(WIL),Vangelis Pavlidis,10,0,927,4,2.83,0.29,26,15,2.66,1.54,2019
441,England,Premier League,(WOL),Raul Jimenez,37,1,3445,17,18.49,0.51,118,43,3.25,1.19,2019
352,Portugal ,Primeira Liga,(VGU),Andre Andre,8,0,645,2,1.7,0.25,7,2,1.03,0.29,2019
2,Spain,La Liga,(ATL),Luis Suarez,34,1,2940,28,23.21,0.75,120,57,3.88,1.84,2016
106,Spain,La Liga,(LEV),Sergio Leon,23,8,2071,11,11.12,0.51,65,27,2.98,1.24,2017
530,Spain,La Liga,(ATL),Luis Suarez,5,1,387,5,3.3,0.81,22,8,5.4,1.96,2020
177,Brazil,Campeonato Brasileiro SÃ©rie A,,Edigar Junio ,21,5,1547,12,11.4,0.7,49,29,3.01,1.78,2017
484, Netherlands,Eredivisie,(FEY),Steven Berghuis,10,0,896,9,8.77,0.93,39,21,4.14,2.23,2019
613,England,Premier League,(TOT),Harry Kane,10,0,956,7,6.64,0.66,39,15,3.88,1.49,2020
304,USA,MLS,(ORL),Nani ,26,4,2464,12,8.82,0.34,64,25,2.47,0.96,2019
551,Italy,Serie A,(INT),Lautaro MartInez,7,2,656,5,2.35,0.34,29,11,4.2,1.59,2020
447,England,Premier League,(MNU),Anthony Martial,31,1,2788,17,11.74,0.4,80,39,2.73,1.33,2019
308,USA,MLS,(CCR),Gyasi Zardes,28,0,2657,13,15.1,0.54,62,26,2.22,0.93,2019
574,Germany,Bundesliga,(FCA),Daniel Caligiuri,9,0,841,3,0.8,0.09,11,5,1.24,0.56,2020
15,Spain,La Liga,(MON),Wissam Ben Yedder,20,11,1735,11,7.85,0.43,44,23,2.41,1.26,2016
37,Italy,Serie A,(IMI),Gonzalo Higuain,32,6,3138,24,17.84,0.54,134,91,4.06,2.75,2016
116,Spain,La Liga,(VIL),Carlos Bacca,30,5,2572,15,14.35,0.53,73,34,2.7,1.26,2017
406,Germany,Bundesliga,(BMG),Marcus Thuram,28,3,2296,10,10.15,0.42,56,36,2.32,1.49,2019
599,France,France Ligue 7,(LEN),Gael Kakuta,10,1,786,5,4.14,0.5,18,6,2.18,0.73,2020
205,Italy,Serie A,(TOR),Andrea Belotti,37,0,3533,15,15.99,0.43,125,47,3.36,1.26,2018
81,Brazil,Campeonato Brasileiro SÃ©rie A,(SAP),Pablo ,30,3,2757,9,7.55,0.26,63,24,2.17,0.83,2016
538,Spain,La Liga,(BAR),Ansu Fati,6,1,451,4,1.8,0.38,14,7,2.95,1.47,2020
496, Netherlands,Eredivisie,(SPR),Abdou Harroui,10,0,834,4,1.93,0.22,24,13,2.73,1.48,2019
403,Germany,Bundesliga,(HOF),Andrej Kramaric,14,5,1502,12,9.33,0.59,43,23,2.72,1.45,2019
620,Brazil,Campeonato Brasileiro SÃ©rie A,(SAP),Luciano ,16,3,1588,11,6.02,0.36,37,17,2.21,1.02,2020
8,Spain,La Liga,(CEL),Iago Aspas,25,7,2354,19,13.88,0.56,78,37,3.15,1.49,2016
12,Spain,La Liga,(BAR),Lionel Messi,32,2,2910,37,26.65,0.87,179,76,5.84,2.48,2016
244,France,France Ligue 9,(LIL),Jonathan Bamba,35,3,3190,13,7.39,0.22,67,28,2.0,0.83,2018
31,Italy,Serie A,Cyril,Cyril Thereau,31,2,2585,12,9.25,0.34,70,48,2.57,1.76,2016
326,Spain,La Liga,(SOC),Willian Jose,24,13,2171,11,13.03,0.57,59,19,2.58,0.83,2019
607,England,Premier League,(AVL),Jack Grealish,9,0,872,5,2.85,0.31,26,9,2.83,0.98,2020
540,Italy,Serie A,(BOL),Roberto Soriano,9,0,849,5,2.41,0.27,18,7,2.01,0.78,2020
650, Netherlands,Eredivisie,(AJA),Klaas-Jan Huntelaar,6,12,938,9,6.91,0.7,32,17,3.24,1.72,2020
248,France,France Ligue 16,(ANG),Stephane Bahoken,31,1,2541,11,8.56,0.32,66,33,2.47,1.23,2018
437,France,France Ligue 5,(STR),Habib Diallo,26,0,2344,12,9.13,0.37,83,34,3.36,1.38,2019
34,Italy,Serie A,(SAM),Fabio Quagliarella,35,2,3030,12,13.71,0.43,112,70,3.51,2.19,2016
230,Germany,Bundesliga,(SCH),Benito Raman,19,11,1781,10,6.19,0.33,55,26,2.93,1.39,2018
398,Italy,Serie A,(ACM),Ante Rebic,15,11,1514,11,6.85,0.43,42,20,2.64,1.25,2019
347,Portugal ,Primeira Liga,(FAM),Carlos Valenzuela,7,1,575,2,1.03,0.17,10,3,1.65,0.5,2019
65,England,Premier League,(ROM),Pedro None,26,9,2250,10,5.68,0.24,59,17,2.49,0.72,2016
504,USA,MLS,(LAF),Diego Rossi,19,0,1816,14,11.85,0.62,71,34,3.71,1.78,2020
639,Brazil,Campeonato Brasileiro SÃ©rie A,(CAP),Renato Kayzer,17,1,1639,7,7.59,0.44,46,21,2.67,1.22,2020
430,France,France Ligue 19,(STR),Ludovic Ajorque,24,2,2163,8,6.6,0.29,50,22,2.2,0.97,2019
483, Netherlands,Eredivisie,(VIT),Armando Broja,6,4,569,5,2.52,0.42,12,6,2.0,1.0,2019
314,USA,MLS,(SOU),Jordan Morris,28,2,2521,13,9.55,0.36,48,24,1.81,0.9,2019
486, Netherlands,Eredivisie,(VIT),Lois Openda,10,0,775,5,2.94,0.36,28,9,3.43,1.1,2019
26,Italy,Serie A,(FIO),Jose CallejOn,37,0,3276,14,11.38,0.33,86,57,2.49,1.65,2016
344,Portugal ,Primeira Liga,,Alex Telles,28,3,2732,11,8.05,0.28,39,17,1.36,0.59,2019
233,Germany,Bundesliga,(HOF),Ishak Belfodil,20,8,1965,18,10.14,0.49,88,36,4.25,1.74,2018
152,Germany,Bundesliga,(VfB),Daniel Didavi,26,4,2312,9,3.89,0.16,55,19,2.26,0.78,2017
54,Germany,Bundesliga,(ARS),Pierre-Emerick Aubameyang,31,1,2894,31,28.94,0.95,116,78,3.81,2.56,2016
351,Portugal ,Primeira Liga,(GIL),Samuel Lino,6,1,591,3,2.18,0.35,16,5,2.57,0.8,2019
43,Germany,Bundesliga,Sandro,Wagner ,30,1,2695,11,12.2,0.43,65,35,2.29,1.23,2016
332,Spain,La Liga,(GET),Angel Rodriguez,9,23,1611,10,8.14,0.48,53,23,3.13,1.36,2019
512,USA,MLS,(SOU),Jordan Morris,19,4,1927,11,8.32,0.41,43,19,2.12,0.94,2020
591,France,France Ligue 6,(MON),Wissam Ben,10,1,879,6,5.74,0.62,30,8,3.24,0.86,2020
110,Spain,La Liga,(SOC),Willian Josa,32,2,2869,15,13.89,0.46,89,29,2.95,0.96,2017
295,Brazil,Campeonato Brasileiro SÃ©rie A,(CFC),Ricardo Oliveira,35,0,3231,13,16.67,0.49,92,41,2.71,1.21,2018
424,France,France Ligue 9,(NIC),Kasper Dolberg,22,1,1994,11,7.77,0.37,42,25,2.0,1.19,2019
318,USA,MLS,(VID),Nemanja Nikolic,25,6,2118,12,14.05,0.63,48,22,2.15,0.99,2019
260,England,Premier League,(CRY),Luka Milivojevic,38,0,3651,12,11.15,0.29,57,24,1.48,0.62,2018
524,Spain,La Liga,(BET),Cristian Tello,7,4,629,4,1.92,0.29,22,8,3.32,1.21,2020
189,Spain,La Liga,(LEV),Roger ,23,8,1999,13,14.1,0.67,71,30,3.37,1.43,2018
286,Brazil,Campeonato Brasileiro SÃ©rie A,(VDG),Yago Pikachu,34,1,3192,10,11.09,0.33,77,37,2.29,1.1,2018
281,Brazil,Campeonato Brasileiro SÃ©rie A,(BEN),Everton ,24,3,2175,9,12.59,0.55,88,38,3.84,1.66,2018
95,Brazil,Campeonato Brasileiro SÃ©rie A,(FLU),Fred ,33,1,2821,14,13.66,0.46,63,28,2.12,0.94,2016
396,Italy,Serie A,(SAM),Fabio Quagliarella,26,2,2413,11,13.72,0.54,102,35,4.02,1.38,2019
156,Germany,Bundesliga,(FCA),Michael Gregoritsch,30,2,2626,13,10.78,0.39,92,36,3.33,1.3,2017
652, Netherlands,Eredivisie,(EMM),Michael de Leeuw,26,0,2383,9,8.28,0.33,51,23,2.03,0.92,2020
112,Spain,La Liga,(JUV),Cristiano Ronaldo,27,0,2375,26,29.0,1.16,178,76,7.12,3.04,2017
90,Brazil,Campeonato Brasileiro SÃ©rie A,(HUR),Andres Chavez,19,2,1786,9,10.53,0.56,67,32,3.56,1.7,2016
402,Germany,Bundesliga,(WOB),Wout Weghorst,30,2,2893,16,18.27,0.6,85,38,2.79,1.25,2019
178,Brazil,Campeonato Brasileiro SÃ©rie A,,Junior  Dutra,27,3,2022,9,10.43,0.49,75,25,3.52,1.17,2017
237,Germany,Bundesliga,(UNB),Max Kruse,32,0,2975,11,9.39,0.3,91,40,2.91,1.28,2018
570,Germany,Bundesliga,(MAI),Jean-Philippe Mateta,9,0,723,7,6.01,0.79,23,12,3.02,1.58,2020
463,Brazil,Campeonato Brasileiro SÃ©rie A,(GRE),Pepe,14,18,1836,8,8.7,0.45,46,16,2.38,0.83,2019
229,Germany,Bundesliga,(CHE),Timo Werner,29,1,2582,16,15.49,0.57,107,39,3.94,1.43,2018
225,Germany,Bundesliga,(DOR),Jadon Sancho,26,8,2602,13,6.85,0.25,40,21,1.46,0.77,2018
330,Spain,La Liga,(BIL),Raul Garcla,33,2,3034,15,12.77,0.4,81,33,2.54,1.03,2019
243,France,France Ligue 12,(CAE),Emiliano Sala,16,3,1434,12,6.19,0.41,36,18,2.38,1.19,2018
497, Netherlands,Eredivisie,(HER),Rai Vloet,10,0,853,7,4.49,0.5,21,9,2.34,1.0,2019
80,Brazil,Campeonato Brasileiro SÃ©rie A,(GRE),Diego Souza,34,0,2981,14,10.67,0.34,86,35,2.74,1.12,2016
72,England,Premier League,(MNC),Sergio Aguero,25,6,2444,21,22.38,0.87,139,51,5.4,1.98,2016
397,Italy,Serie A,(BEN),Gianluca Lapadula,20,5,1906,11,9.43,0.47,61,24,3.04,1.2,2019
514,USA,MLS,(NER),Gustavo Bou,17,4,1701,8,6.8,0.38,81,28,4.52,1.56,2020
517,USA,MLS,(POR),Jeremy Ebobisse,11,8,1189,8,3.63,0.29,33,15,2.64,1.2,2020
369,Portugal ,Primeira Liga,,Sandro Lima,29,3,2747,10,10.12,0.35,66,31,2.28,1.07,2019
431,France,France Ligue 14,(LEI),Islam Slimani,14,4,1378,9,8.7,0.6,53,20,3.65,1.38,2019
601,England,Premier League,(MNU),Bruno Fernandes,9,0,809,7,5.45,0.64,30,14,3.52,1.64,2020
298,Brazil,Campeonato Brasileiro SÃ©rie A,(PAL),Willian ,21,11,2153,10,10.2,0.45,66,29,2.91,1.28,2018
300,USA,MLS,(LAF),Diego Rossi,35,1,3277,17,12.07,0.35,113,50,3.28,1.45,2019
142,Germany,Bundesliga,(STP),Guido Burgstaller,24,8,2447,11,8.24,0.32,55,25,2.14,0.97,2017
137,Italy,Serie A,(PSG),Mauro Icardi,34,0,3096,29,23.14,0.71,101,53,3.1,1.63,2017
14,Spain,La Liga,(JUV),Morata,14,12,1392,15,9.67,0.66,55,30,3.75,2.05,2016
170,Brazil,Campeonato Brasileiro SÃ©rie A,(FLA),Bruno Henrique,28,0,2136,8,10.57,0.47,52,24,2.31,1.07,2017
495, Netherlands,Eredivisie,(HEE),Henk Veerman,10,0,916,8,4.44,0.46,32,14,3.32,1.45,2019
325,Spain,La Liga,(SOC),Mikel Oyarzabal,36,1,3247,10,8.89,0.26,62,22,1.81,0.64,2019
327,Spain,La Liga,(VIL),Gerard Moreno,33,2,2831,18,16.09,0.54,89,34,2.99,1.14,2019
417,Germany,Bundesliga,(BAY),Serge Gnabry,26,5,2216,12,13.3,0.57,95,40,4.07,1.71,2019
272,England,Premier League,(RMA),Eden Hazard,32,5,3115,16,10.82,0.33,93,43,2.84,1.31,2018
44,Germany,Bundesliga,(HOF),Andrej Kramaric,28,6,2449,15,13.41,0.52,99,60,3.84,2.33,2016
299,Brazil,Campeonato Brasileiro SÃ©rie A,(FLA),Gabriel Barbosa,34,1,3140,18,19.17,0.58,94,40,2.84,1.21,2018
416,Germany,Bundesliga,(MAI),Robin Quaison,31,1,2718,13,12.02,0.42,71,28,2.48,0.98,2019
207,Italy,Serie A,Mario,Mandzukic None,23,2,2125,9,6.49,0.29,31,17,1.39,0.76,2018
334,Spain,La Liga,(RMA),Sergio Ramos,35,0,3100,11,11.09,0.34,39,17,1.2,0.52,2019
404,Germany,Bundesliga,(DOR),Marco Reus,18,1,1561,11,8.54,0.52,47,24,2.86,1.46,2019
222,Germany,Bundesliga,(CHE),Kai Havertz,33,1,3033,16,11.17,0.35,87,42,2.73,1.32,2018
476,Brazil,Campeonato Brasileiro SÃ©rie A,(chongqing dangdai lifan f.c),Marcelo  Cirino,19,10,2062,9,9.33,0.43,51,17,2.35,0.78,2019
139,Italy,Serie A,(BEN),Iago Falque,34,3,2950,12,9.01,0.29,76,22,2.45,0.71,2017
407,Germany,Bundesliga,(DUS),Rouwen Hennings,27,5,2592,15,10.91,0.4,73,27,2.68,0.99,2019
399,Italy,Serie A,(TOR),Andrea Belotti,34,2,3214,16,16.58,0.49,104,41,3.07,1.21,2019
204,Italy,Serie A,(LAZ),Ciro Immobile,31,5,3046,15,15.71,0.49,124,49,3.87,1.53,2018
635,Brazil,Campeonato Brasileiro SÃ©rie A,(FOR),Wellington Paulista,13,8,1208,6,5.34,0.42,24,12,1.89,0.94,2020
647, Netherlands,Eredivisie,(FEY),Steven Berghuis,24,0,2226,15,13.36,0.57,89,44,3.8,1.88,2020
221,Germany,Bundesliga,(BMG),Alassane Plea,28,6,2613,12,11.28,0.41,83,41,3.02,1.49,2018
124,Italy,Serie A,(IMI),Gonzalo Higuain,32,3,2935,16,12.05,0.39,102,40,3.3,1.29,2017
643, Netherlands,Eredivisie,(FEY),Bryan Linssen,25,0,2256,14,8.31,0.35,92,39,3.87,1.64,2020
153,Germany,Bundesliga,(FCA),Alfred Finnbogason,22,0,1879,12,11.08,0.56,51,25,2.58,1.26,2017
413,Germany,Bundesliga,(MON),Kevin Volland,24,3,2159,10,11.59,0.51,78,32,3.43,1.41,2019
368,Portugal ,Primeira Liga,(MIJ),Bozhidar Kraev,28,4,2399,8,4.55,0.18,46,19,1.82,0.75,2019
61,England,Premier League,(INT),Romelu Lukaku,36,1,3448,25,18.15,0.5,110,53,3.03,1.46,2016
123,Italy,Serie A,(JUV),Paulo Dybala,26,7,2407,22,11.4,0.45,114,45,4.5,1.78,2017
273,England,Premier League,(ARS),Pierre-Emerick Aubameyang,30,6,2905,22,21.71,0.71,94,39,3.07,1.28,2018
536,Spain,La Liga,(EIB),Kike GarcIa,9,1,790,3,2.83,0.34,19,8,2.28,0.96,2020
439,France,France Ligue 4,(NAP),Victor Osimhen,25,2,2434,13,14.86,0.58,86,35,3.36,1.37,2019
636,Brazil,Campeonato Brasileiro SÃ©rie A,(RBB),Claudinho ,19,1,1657,10,4.19,0.24,53,19,3.04,1.09,2020
422,France,France Ligue 6,(PSG),Mauro Icardi,14,6,1353,12,12.11,0.85,36,20,2.53,1.4,2019
411,Germany,Bundesliga,(DOR),Erling Haaland,11,4,1116,12,7.64,0.65,34,19,2.89,1.62,2019
280,Brazil,Campeonato Brasileiro SÃ©rie A,(LYO),Lucas Paqueta,31,1,2962,10,9.04,0.29,95,40,3.05,1.28,2018
217,Italy,Serie A,(PAR),Gervinho ,27,3,2430,11,6.91,0.27,44,19,1.72,0.74,2018
121,Italy,Serie A,(LAZ),Sergej Milinkovic-Savic,33,2,3014,12,6.66,0.21,91,34,2.87,1.07,2017
631,Brazil,Campeonato Brasileiro SÃ©rie A,(FLA),Bruno Henrique,15,1,1412,5,8.92,0.6,45,18,3.03,1.21,2020
136,Italy,Serie A,(NAP),Dries Mertens,35,3,3133,18,16.16,0.49,128,47,3.88,1.43,2017
475,Brazil,Campeonato Brasileiro SÃ©rie A,(FLA),Bruno Henrique,29,4,2822,21,21.09,0.71,98,46,3.3,1.55,2019
118,Spain,La Liga,(LEV),Morales ,35,0,3180,10,10.71,0.32,61,25,1.82,0.75,2017
255,France,France Ligue 8,(MPE),Andy Delort,36,0,3263,14,13.05,0.38,119,36,3.46,1.05,2018
505,USA,MLS,(SOU),Nicolas Lodeiro,21,0,2014,8,6.36,0.3,43,19,2.03,0.9,2020
167,Brazil,Campeonato Brasileiro SÃ©rie A,(SAP),Santiago Trellez,23,0,1694,10,7.67,0.43,53,20,2.97,1.12,2017
179,Brazil,Campeonato Brasileiro SÃ©rie A,(GRE),Luiz Fernando,21,12,1769,9,5.96,0.32,42,16,2.26,0.86,2017
218,Italy,Serie A,(PSG),Mauro Icardi,24,5,2314,11,14.86,0.61,73,29,3.0,1.19,2018
618,England,Premier League,(MNC),Riyad Mahrez,7,0,612,4,1.93,0.3,21,10,3.26,1.55,2020
367,Portugal ,Primeira Liga,(BEN),Pizzi ,33,1,2981,18,15.69,0.5,83,39,2.65,1.24,2019
187,Spain,La Liga,(ESP),Raul de Tomas,32,1,2964,14,16.22,0.52,115,47,3.69,1.51,2018
415,Germany,Bundesliga,(BMG),Lars Stindl,14,11,1518,9,7.19,0.45,33,15,2.07,0.94,2019
506,USA,MLS,(SOU),Raul Ruidiaz,18,0,1626,14,8.56,0.5,58,24,3.39,1.4,2020
522,Spain,La Liga,(RMA),Karim Benzema,8,0,741,4,4.91,0.63,27,12,3.46,1.54,2020
198,Spain,La Liga,(MON),Wissam Ben Yedder,31,4,2975,18,17.22,0.55,76,36,2.43,1.15,2018
508,USA,MLS,(CCR),Gyasi Zardes,22,1,2034,14,11.99,0.56,50,25,2.34,1.17,2020
242,France,France Ligue 2,(ARS),Nicolas Pepe,37,1,3533,22,20.08,0.54,118,60,3.17,1.61,2018
382,Italy,Serie A,(Sassuolo ),Francesco Caputo,33,3,3125,21,13.82,0.42,73,35,2.22,1.06,2019
479,Brazil,Campeonato Brasileiro SÃ©rie A,(GOI),Rafael Moura,19,4,1661,9,8.22,0.47,48,14,2.75,0.8,2019
144,Germany,Bundesliga,(DOR),Thorgan Hazard,33,1,3062,10,12.89,0.4,87,33,2.7,1.02,2017
337,Spain,La Liga,(LEV),Roger ,26,10,2436,11,11.54,0.45,57,24,2.22,0.94,2019
348,Portugal ,Primeira Liga,(FAM),Ruben Lameiras,7,0,624,4,3.42,0.52,15,9,2.28,1.37,2019
420,France,France Ligue 7,(PSG),Neymar ,15,0,1396,12,15.87,1.08,71,36,4.83,2.45,2019
513,USA,MLS,(PHI),Kacper Przybylko,24,0,2216,8,8.63,0.37,56,27,2.4,1.16,2020
380,Italy,Serie A,(NAP),Arkadiusz Milik,19,7,1870,11,9.45,0.48,68,29,3.45,1.47,2019
320,Spain,La Liga,(ATL),Luis Suarez,22,6,2126,16,14.32,0.64,79,42,3.53,1.88,2019
310,USA,MLS,(HDY),Mauro Manotas,28,4,2717,13,14.01,0.49,92,29,3.22,1.01,2019
657, Netherlands,Eredivisie,(PSV),Denzel Dumfries,25,0,2363,7,5.72,0.23,45,14,1.81,0.56,2020
49,Germany,Bundesliga,(SCF),Nils Petersen,7,26,1351,10,9.24,0.65,52,33,3.66,2.32,2016
87,Brazil,Campeonato Brasileiro SÃ©rie A,(SAP),Vitor Bueno,32,1,2670,10,9.27,0.33,73,30,2.6,1.07,2016
201,Italy,Serie A,(ATA),Duvan Zapata,32,5,3064,23,18.38,0.57,118,50,3.66,1.55,2018
340,Portugal ,Primeira Liga,(LIS),Pote ,7,0,631,9,2.99,0.45,21,13,3.16,1.96,2019
587,France,France Ligue 2,(REI),Boulaye Dia,9,1,772,8,5.28,0.65,25,12,3.08,1.48,2020
62,England,Premier League,(TOT),Harry Kane,29,1,2636,29,18.87,0.68,110,58,3.96,2.09,2016
615,England,Premier League,(BHA),Neal Maupay,9,0,786,4,6.54,0.79,25,11,3.02,1.33,2020
256,France,France Ligue 5,(LYO),Moussa Dembele,21,12,2154,15,14.74,0.65,90,39,3.97,1.72,2018
184,Spain,La Liga,(BIL),Inaki Williams,36,2,3148,12,13.59,0.41,75,33,2.26,1.0,2018
57,Germany,Bundesliga,(LAG),Chicharito ,20,6,1895,11,11.57,0.58,52,30,2.61,1.5,2016
23,Italy,Serie A,(VER),Nikola Kalinic,26,6,2648,15,15.05,0.54,90,61,3.23,2.19,2016
658, Netherlands,Eredivisie,,Cyriel Dessers ,26,0,2461,15,14.51,0.56,84,43,3.24,1.66,2020
477,Brazil,Campeonato Brasileiro SÃ©rie A,(SAN),Yeferson Soteldo,31,1,2883,9,8.8,0.29,68,26,2.24,0.86,2019
499, Netherlands,Eredivisie,(VVV),Georgios Giakoumakis,10,0,911,9,7.19,0.75,35,14,3.65,1.46,2019
566,Germany,Bundesliga,(BAY),Thomas Muller,9,0,822,4,3.2,0.37,13,5,1.5,0.58,2020
335,Spain,La Liga,(SEV),Lucas Ocampos,31,2,2929,14,13.26,0.43,84,36,2.72,1.17,2019
180,Spain,La Liga,(RMA),Karim Benzema,35,1,3072,21,17.46,0.54,104,44,3.22,1.36,2018
465,Brazil,Campeonato Brasileiro SÃ©rie A,(FLA),Giorgian de Arrascaeta,22,1,1929,12,9.34,0.46,47,19,2.31,0.94,2019
470,Brazil,Campeonato Brasileiro SÃ©rie A,(SAN),Carlos Sanchez,27,7,2648,12,11.99,0.43,85,29,3.05,1.04,2019
283,Brazil,Campeonato Brasileiro SÃ©rie A,(ALA),Deyverson ,11,15,1367,9,7.63,0.53,41,19,2.85,1.32,2018
528,Spain,La Liga,(BAR),Lionel Messi,8,1,824,4,5.46,0.63,39,19,4.5,2.19,2020
624,Brazil,Campeonato Brasileiro SÃ©rie A,(PAL),Luiz Adriano,14,3,1235,7,6.24,0.48,21,13,1.62,1.0,2020
293,Brazil,Campeonato Brasileiro SÃ©rie A,(TIG),Nico Lupez,26,9,3931,11,8.69,0.21,79,33,1.91,0.8,2018
134,Italy,Serie A,(CAG),Leonardo Pavoletti,31,2,2897,11,11.28,0.37,87,34,2.85,1.11,2017
11,Spain,La Liga,(HUE),Sandro Ramlrez,28,2,2340,14,7.14,0.29,93,38,3.78,1.54,2016
4,Spain,La Liga,(VAL),Kevin Gameiro,21,10,1745,13,10.65,0.58,50,23,2.72,1.25,2016
215,Italy,Serie A,(NAP),Dries Mertens,23,12,2416,16,10.43,0.41,89,39,3.5,1.53,2018
251,France,France Ligue 1,(PSG),Kylian Mbappe-Lottin,24,5,2488,33,31.17,1.19,125,70,4.77,2.67,2018
535,Spain,La Liga,(CEL),Iago Aspas,11,0,1056,5,4.89,0.44,21,12,1.89,1.08,2020
336,Spain,La Liga,Santi,Cazorla ,29,6,2513,11,8.73,0.33,49,24,1.85,0.91,2019
315,USA,MLS,(SOU),Raul Ruidiaz,24,2,2346,15,15.31,0.62,96,37,3.89,1.5,2019
75,England,Premier League,(WHU),Michail Antonio,29,0,2493,11,9.71,0.37,79,25,3.01,0.95,2016
53,Germany,Bundesliga,(MAI),Adam Szalai,7,15,833,8,3.95,0.45,18,15,2.05,1.71,2016
516,USA,MLS,(TOR),Ayo Akinola,11,5,1195,9,7.3,0.58,37,19,2.94,1.51,2020
641, Netherlands,Eredivisie,(AZA),Teun Koopmeiners,25,0,2336,11,9.34,0.38,35,18,1.42,0.73,2020
378,Portugal ,Primeira Liga,(LIS),Nuno Santos,6,2,567,3,1.55,0.26,10,5,1.68,0.84,2019
533,Spain,La Liga,(RMA),Federico Valverde,6,2,566,3,1.13,0.19,9,5,1.51,0.84,2020
547,Italy,Serie A,(SAS),Domenico Berardi,8,0,766,4,2.02,0.25,21,11,2.6,1.36,2020
564,Germany,Bundesliga,(RBL),Dani Olmo,9,0,834,4,2.28,0.26,19,8,2.16,0.91,2020
608,England,Premier League,(WOL),Raul Jimenez,10,0,872,4,3.3,0.36,26,10,2.83,1.09,2020
595,France,France Ligue 17,(STR),Ludovic Ajorque,11,0,1008,4,3.61,0.34,17,8,1.6,0.75,2020
259,France,France Ligue 17,(LOK),Francois Kamano,29,8,2698,10,9.09,0.32,82,33,2.89,1.16,2018
539,Spain,La Liga,(VIL),Gerard Moreno,9,0,822,6,6.4,0.74,29,11,3.35,1.27,2020
596,France,France Ligue 1,(PSG),Kylian Mbappe-Lottin,7,1,610,9,6.81,1.06,33,20,5.14,3.11,2020
459,England,Premier League,(MNC),Sergio Aguero,18,6,1566,16,15.5,0.94,76,27,4.61,1.64,2019
493, Netherlands,Eredivisie,(TWE),Vaclav Cerny,10,0,824,4,1.39,0.16,21,12,2.42,1.38,2019
617,England,Premier League,(LIV),Sadio Mane,8,1,785,4,4.88,0.59,27,13,3.27,1.57,2020
446,England,Premier League,(BUR),Chris Wood,29,3,2616,14,17.07,0.62,65,29,2.36,1.05,2019
71,England,Premier League,(TOT),Dele Alli,35,2,3182,18,15.07,0.45,95,43,2.84,1.28,2016
52,Germany,Bundesliga,(WOB),Maximilian Philipp,23,2,2000,9,6.11,0.29,53,34,2.52,1.62,2016
33,Italy,Serie A,(NAP),Lorenzo Insigne,35,2,3031,18,13.08,0.41,147,81,4.61,2.54,2016
60,England,Premier League,(INT),Alexis Sanchez,36,2,3385,24,19.24,0.54,129,49,3.62,1.38,2016
288,Brazil,Campeonato Brasileiro SÃ©rie A,(SJE),Andres Rios,23,5,2188,7,7.37,0.32,43,18,1.87,0.78,2018
202,Italy,Serie A,(NAP),Lorenzo Insigne,24,4,2191,10,9.23,0.4,120,37,5.2,1.6,2018
405,Germany,Bundesliga,(CHE),Kai Havertz,29,1,2586,12,9.53,0.35,59,26,2.17,0.96,2019
469,Brazil,Campeonato Brasileiro SÃ©rie A,(FLA),Michael ,35,0,3180,10,9.37,0.28,80,32,2.39,0.96,2019
466,Brazil,Campeonato Brasileiro SÃ©rie A,(SAN),Marinho ,18,11,1917,8,6.66,0.33,73,26,3.62,1.29,2019
92,Brazil,Campeonato Brasileiro SÃ©rie A,,Sassa,13,13,1412,12,11.15,0.75,41,25,2.76,1.68,2016
168,Brazil,Campeonato Brasileiro SÃ©rie A,(COR),Jo,34,0,2847,18,16.78,0.56,80,39,2.67,1.3,2017
638,Brazil,Campeonato Brasileiro SÃ©rie A,(FLA),Pedro ,12,6,1207,10,10.42,0.82,46,25,3.62,1.97,2020
537,Spain,La Liga,(GET),Angel Rodriguez,3,6,501,4,2.06,0.39,14,7,2.65,1.33,2020
616,England,Premier League,(AVL),Ollie Watkins,9,0,872,6,6.43,0.7,22,9,2.4,0.98,2020
510,USA,MLS,(ORL),Chris Mueller,19,5,1726,10,6.0,0.33,38,20,2.09,1.1,2020
659, Netherlands,Eredivisie,(PSV),Cody Gakpo,14,11,1557,7,4.43,0.27,38,15,2.32,0.92,2020
102,Spain,La Liga,(CEL),Iago Aspas,33,1,3053,22,19.92,0.62,94,43,2.92,1.34,2017
125,Italy,Serie A,(BAR),Mirco Antenucci,28,5,2735,11,8.06,0.28,65,26,2.26,0.9,2017
162,Brazil,Campeonato Brasileiro SÃ©rie A,(BEN),Everton ,14,18,1224,8,9.53,0.74,54,30,4.19,2.33,2017
291,Brazil,Campeonato Brasileiro SÃ©rie A,(GRE),Diego Souza,32,0,4177,11,11.43,0.26,51,21,1.16,0.48,2018
17,Spain,La Liga,Florin,Andone ,32,5,2984,12,11.62,0.37,99,42,3.15,1.34,2016
626,Brazil,Campeonato Brasileiro SÃ©rie A,(VDG),German Cano,19,0,1733,10,10.03,0.55,37,22,2.03,1.21,2020
640, Netherlands,Eredivisie,(MNU),Donny van de Beek,22,1,2023,8,4.9,0.23,44,16,2.07,0.75,2020
453,England,Premier League,(SOU),Danny Ings,32,6,3009,22,16.79,0.53,93,37,2.94,1.17,2019
193,Spain,La Liga,(BAR),Antoine Griezmann,37,0,3349,15,14.45,0.41,113,45,3.21,1.28,2018
372,Portugal ,Primeira Liga,(SAN),Thiago Santana,8,0,714,6,3.31,0.44,24,12,3.19,1.6,2019
257,France,France Ligue 19,(LYO),Memphis Depay,29,7,2900,10,13.43,0.44,110,39,3.6,1.28,2018
84,Brazil,Campeonato Brasileiro SÃ©rie A,(MNC),Gabriel Jesus,26,1,2448,12,11.08,0.43,75,34,2.91,1.32,2016
375,Portugal ,Primeira Liga,(LIS),Andraz Sporar,3,4,356,2,3.41,0.91,14,7,3.74,1.87,2019
289,Brazil,Campeonato Brasileiro SÃ©rie A,,Roger Guedes ,11,1,1081,9,6.14,0.54,42,20,3.69,1.76,2018
27,Italy,Serie A,(BEN),Iago Falque,31,4,2633,12,8.04,0.29,65,42,2.35,1.52,2016
501,USA,MLS,(MIN),Kevin Molino,16,3,1430,11,6.32,0.42,43,20,2.86,1.33,2020
127,Italy,Serie A,(LAZ),Luis Alberto,32,2,2797,11,6.77,0.23,81,25,2.75,0.85,2017
377,Portugal ,Primeira Liga,(VGU),Bruno Duarte,6,1,509,2,1.77,0.33,13,3,2.43,0.56,2019
160,Brazil,Campeonato Brasileiro SÃ©rie A,(OPE),Roger ,19,1,1465,11,8.64,0.56,47,20,3.05,1.3,2017
119,Spain,La Liga,(SEV),Munir ,28,5,2517,10,10.6,0.4,62,23,2.34,0.87,2017
282,Brazil,Campeonato Brasileiro SÃ©rie A,(COR),Juan Cazares,25,6,2487,8,5.76,0.22,66,18,2.52,0.69,2018
456,England,Premier League,(EVE),Richarlison  ,36,0,3289,13,10.73,0.31,90,32,2.6,0.92,2019
275,England,Premier League,(MNC),Raheem Sterling,31,3,2930,17,14.19,0.46,77,38,2.5,1.23,2018
129,Italy,Serie A,(TOR),Andrea Belotti,29,3,2854,10,11.72,0.39,86,28,2.86,0.93,2017
633,Brazil,Campeonato Brasileiro SÃ©rie A,(CAM),Keno ,19,3,1829,10,11.36,0.59,72,31,3.74,1.61,2020
590,France,France Ligue 8,(BRE),Irvin Cardona,6,5,627,5,2.71,0.41,21,8,3.18,1.21,2020
386,Italy,Serie A,(SAS),Domenico Berardi,29,2,2654,14,10.9,0.39,120,46,4.3,1.65,2019
427,France,France Ligue 12,(MPE),Andy Delort,26,0,2409,9,10.9,0.43,84,29,3.31,1.14,2019
135,Italy,Serie A,(LAZ),Ciro Immobile,33,0,2799,29,19.15,0.65,110,53,3.73,1.8,2017
324,Spain,La Liga,(OSA),Ante Budimir,33,2,2923,13,12.31,0.4,56,22,1.82,0.72,2019
455,England,Premier League,(TOT),Harry Kane,29,0,2801,18,12.97,0.44,81,37,2.75,1.25,2019
438,France,France Ligue 1,(PSG),Kylian Mbappe-Lottin,17,3,1611,18,17.98,1.06,87,49,5.13,2.89,2019
345,Portugal ,Primeira Liga,(BRA),Bruno Viana,8,0,780,2,1.31,0.16,7,2,0.85,0.24,2019
0,Spain,La Liga,(BET),Juanmi Callejon,19,16,1849,11,6.62,0.34,48,20,2.47,1.03,2016
381,Italy,Serie A,(INT),Romelu Lukaku,33,3,3156,23,18.94,0.57,99,47,2.98,1.41,2019
240,France,France Ligue 11,(PSG),Angel Di Maria,28,2,2418,12,10.44,0.41,97,30,3.81,1.18,2018
552,Italy,Serie A,(ATA),Luis Muriel,3,4,264,4,2.78,1.0,20,7,7.2,2.52,2020
644, Netherlands,Eredivisie,Tim,Matavz ,24,1,2157,12,9.08,0.4,55,28,2.42,1.23,2020
625,Brazil,Campeonato Brasileiro SÃ©rie A,(CEA),Cleber ,17,3,1336,5,6.75,0.48,41,13,2.92,0.92,2020
166,Brazil,Campeonato Brasileiro SÃ©rie A,(FLU),Fred ,27,2,1865,12,12.56,0.64,57,24,2.9,1.22,2017
319,USA,MLS,(NYC FC),Alexandru Mitrita,25,5,2398,12,7.07,0.28,96,34,3.8,1.35,2019
20,Italy,Serie A,(LIV),Mohamed Salah,29,2,2567,15,11.62,0.43,80,50,2.96,1.85,2016
462,Brazil,Campeonato Brasileiro SÃ©rie A,(INT),Paolo Guerrero,23,1,2193,10,10.85,0.47,81,33,3.51,1.43,2019
391,Italy,Serie A,(LAZ),Ciro Immobile,36,1,3371,36,26.61,0.75,142,71,4.0,2.0,2019
234,Germany,Bundesliga,(DOR),Marco Reus,27,0,2432,17,13.31,0.52,69,33,2.7,1.29,2018
114,Spain,La Liga,(VIL),Gerard Moreno,38,0,3555,16,17.96,0.48,105,47,2.81,1.26,2017
239,Germany,Bundesliga,(RBL),Yussuf Poulsen,27,4,2556,15,10.76,0.4,65,27,2.42,1.0,2018
509,USA,MLS,(LAG),Cristian Pavon,22,0,2106,10,5.99,0.27,63,25,2.84,1.13,2020
199,Spain,La Liga,(LEV),Morales ,35,2,3381,12,13.52,0.38,65,33,1.83,0.93,2018
132,Italy,Serie A,(INT),Ivan Perisic,37,0,3491,11,9.19,0.25,116,38,3.16,1.03,2017
621,Brazil,Campeonato Brasileiro SÃ©rie A,(CEA),Vinicius ,16,1,1348,7,5.25,0.37,51,24,3.59,1.69,2020
610,England,Premier League,(LEE),Patrick Bamford,10,0,898,7,7.28,0.77,40,17,4.23,1.8,2020
13,Spain,La Liga,(VIL),Gerard Moreno,37,0,3361,13,8.49,0.24,82,32,2.32,0.9,2016
409,Germany,Bundesliga,(FRA),Andre Silva,16,9,1694,12,10.7,0.6,55,21,3.08,1.18,2019
185,Spain,La Liga,(GIR),Cristhian Stuani,30,2,2897,19,16.47,0.54,77,39,2.53,1.28,2018
408,Germany,Bundesliga,(BAY),Robert Lewandowski,31,0,2783,34,31.05,1.06,138,67,4.71,2.29,2019
79,England,Premier League,(BOU),Joshua King,31,5,2856,16,10.82,0.36,67,29,2.23,0.96,2016
109,Spain,La Liga,(SOC),Mikel Oyarzabal,31,4,2864,12,9.35,0.31,65,32,2.16,1.06,2017
518,USA,MLS,(POR),Diego Valeri,19,4,1864,8,5.3,0.27,44,17,2.24,0.87,2020
558,Italy,Serie A,(ACM),Zlatan Ibrahimovic,6,0,557,10,7.92,1.35,35,16,5.97,2.73,2020
434,France,France Ligue 16,(REN),Sehrou Guirassy,23,0,2030,9,8.55,0.4,45,19,2.11,0.89,2019
165,Brazil,Campeonato Brasileiro SÃ©rie A,(FOR),Wellington Paulista,30,3,2278,9,9.35,0.39,63,30,2.63,1.25,2017
589,France,France Ligue 15,(LEN),Ignatius Ganago,6,3,452,4,3.33,0.7,14,7,2.94,1.47,2020
208,Italy,Serie A,(ROM),Edin Dzeko,28,5,2741,9,13.56,0.47,131,50,4.54,1.73,2018
224,Germany,Bundesliga,(ACM),Ante Rebic,23,5,2075,11,9.17,0.42,61,28,2.79,1.28,2018
410,Germany,Bundesliga,(FCA),Florian Niederlechner,31,2,2846,13,13.18,0.44,78,40,2.6,1.34,2019
365,Portugal ,Primeira Liga,(BOA),Angel Gomes,6,0,530,3,1.12,0.2,12,3,2.15,0.54,2019
561,Germany,Bundesliga,(FRA),Bas Dost,8,1,732,3,3.24,0.42,14,8,1.82,1.04,2020
317,USA,MLS,(LAF),Carlos Vela,33,0,3128,36,25.35,0.77,167,75,5.07,2.28,2019
68,England,Premier League,(LIV),Sadio Mane,26,1,2347,13,9.14,0.37,58,24,2.35,0.97,2016
653, Netherlands,Eredivisie,(PSV),Donyell Malen,14,0,1245,11,8.91,0.68,59,32,4.5,2.44,2020
323,Spain,La Liga,(SEV),Carlos Fernandez,21,13,2428,10,10.48,0.41,47,19,1.84,0.74,2019
297,Brazil,Campeonato Brasileiro SÃ©rie A,Bruno,Henrique ,27,6,2595,9,4.37,0.16,46,15,1.68,0.55,2018
568,Germany,Bundesliga,(FRA),Andre Silva,9,0,802,7,7.43,0.88,37,16,4.38,1.9,2020
578,Germany,Bundesliga,(BSC),Matheus Cunha,9,0,857,6,3.43,0.38,26,15,2.88,1.66,2020
554,Italy,Serie A,(INT),Romelu Lukaku,6,2,580,7,7.27,1.19,22,10,3.6,1.64,2020
423,France,France Ligue 15,(LYO),Memphis Depay,12,1,1077,9,4.53,0.4,48,21,4.23,1.85,2019
216,Italy,Serie A,,Stephan El Shaarawy,23,5,2213,11,7.22,0.31,70,30,3.0,1.29,2018
363,Portugal ,Primeira Liga,(FEY),Joao Teixeira,14,7,1416,8,3.58,0.24,34,14,2.28,0.94,2019
117,Spain,La Liga,(CEL),Santi Mina,17,15,1630,12,9.44,0.55,43,20,2.51,1.17,2017
572,Germany,Bundesliga,(SVW),Niclas Fullkrug,4,1,293,4,3.02,0.98,13,7,4.22,2.27,2020
581,France,France Ligue 12,(ANG),Stephane Bahoken,8,2,644,5,3.53,0.52,30,14,4.43,2.07,2020
263,England,Premier League,(LIV),Mohamed Salah,37,1,3417,22,20.5,0.57,137,63,3.81,1.75,2018
412,Germany,Bundesliga,(BSC),Jhon Cordoba,23,6,2108,13,8.88,0.4,61,25,2.75,1.13,2019
594,France,France Ligue 16,(LIL),Jonathan Bamba,11,1,1061,4,1.68,0.15,25,9,2.24,0.81,2020
85,Brazil,Campeonato Brasileiro SÃ©rie A,,Bruno Rangel ,19,12,2016,10,8.91,0.42,35,17,1.65,0.8,2016
563,Germany,Bundesliga,(WOB),Wout Weghorst,8,1,778,6,5.57,0.68,25,14,3.05,1.71,2020
387,Italy,Serie A,(CAG),Joao Pedro,35,1,3394,18,13.93,0.39,87,37,2.44,1.04,2019
605,England,Premier League,(LIV),Diogo Jota,5,3,530,5,2.51,0.45,20,11,3.58,1.97,2020
571,Germany,Bundesliga,(HOF),Andrej Kramaric,5,0,481,7,4.61,0.91,23,14,4.54,2.77,2020
350,Portugal ,Primeira Liga,(BEN),Gian-Luca Waldschmidt,7,1,605,4,3.57,0.56,15,6,2.36,0.94,2019
35,Italy,Serie A,Marco,Borriello ,30,6,2737,16,7.78,0.27,81,51,2.81,1.77,2016
371,Portugal ,Primeira Liga,(MAR),Rodrigo Pinho,7,1,646,6,3.06,0.45,17,8,2.5,1.18,2019
